#This mapping was created following and expanding upon the SSSOM guidance: https://mapping-commons.github.io/sssom/spec/																
#dcterms:license: CC-0																
#version: 2.0.0																
#creator_id:																
#  - https://orcid.org/0009-0004-7916-9833																
#creator_name:																
#  - Camila Babo																
#curie_map:																
# - dnaextension: https://rs.gbif.org/extension/gbif/1.0/dna_derived_data_2024-07-11.xml#																
#  - dnaextensionversion: https://rs.gbif.org/extension/gbif/1.0/dna_derived_data_																
#  - dwc: http://rs.tdwg.org/dwc/terms/																
# - dwcversion:http://rs.tdwg.org/dwc/doc/list/																
#  - MIXS: https://w3id.org/mixs/																
#  - MIXSversion: https://github.com/GenomicsStandardsConsortium/mixs/blob/mixs6.0.0/model/schema/mixs.yaml																
# - ggbn: https://www.ggbn.org/ggbn_portal/site/wf?p=ggbn:																
# - ggbnversion: https://www.ggbn.org/ggbn_portal/site/wf?p=																
#  - orcid: https://orcid.org/																
#  - skos: http://www.w3.org/2004/02/skos/core																
subject_id	subject_label	subject_category	predicate_id	object_id	object_label	object_category	match_type	creator_id	subject_source	subject_source_version	object_source	object_source_version	mapping_date	confidence	mapping_justification	comment
MIXS:0001107	sample name	dnaextension:samp_name	skos:exactMatch	MIXS:0001107	samp_name	MIxS core	HumanCurated	orcid:0009-0004-7916-9833	dnaextension:samp_name	dnaextensionversion:2024-07-11.xml#samp_name	MIXSversion:mixs.yaml	6.2.0	2025-04-29	1	LexicalMatching	
dnaextension:occurrenceID	Ocurrence ID	dnaextension:occurrenceID	skos:exactMatch	dwc:occurrenceID	occurrenceID	DwC Core	HumanCurated	orcid:0009-0004-7916-9833	dnaextension:occurrenceID	dnaextensionversion:2024-07-11.xml#occurrenceID	dwcversion:doc/list/	2023-09-18	2025-06-04	1	LexicalMatching	Synonyms or similar terms to not exist in MIxS core, as such the term was solely mapped to their origin.
MIXS:0000092	project name	dnaextension:project_name	skos:exactMatch	MIXS:0000092	project_name	MIxS core	HumanCurated	orcid:0009-0004-7916-9833	dnaextension:project_name	dnaextensionversion:2024-07-11.xml#project_name	MIXSversion:mixs.yaml	6.2.0	2025-04-29	1	LexicalMatching	
MIXS:0000008	experimental factor	dnaextension:experimental_factor	skos:exactMatch	MIXS:0000008	experimental_factor	MIxS core	HumanCurated	orcid:0009-0004-7916-9833	dnaextension:project_name	dnaextensionversion:2024-07-11.xml#experimetnal_factor	MIXSversion:mixs.yaml	6.2.0	2025-04-29	1	LexicalMatching	
MIXS:0001320	taxonomy ID of DNA sample	dnaextension:samp_taxon_id	skos:exactMatch	MIXS:0001320	samp_taxon_id	MIxS core	HumanCurated	orcid:0009-0004-7916-9833	dnaextension:samp_taxon_id	dnaextensionversion:2024-07-11.xml#samp_taxon_id	MIXSversion:mixs.yaml	6.2.0	2025-04-29	1	LexicalMatching	
MIXS:0001321	negative control type	dnaextension:neg_cont_type	skos:exactMatch	MIXS:0001321	neg_cont_type	MIxS core	HumanCurated	orcid:0009-0004-7916-9833	dnaextension:neg_cont_type	dnaextensionversion:2024-07-11.xml#neg_cont_type	MIXSversion:mixs.yaml	6.2.0	2025-05-02	1	LexicalMatching	
MIXS:0001322	positive control type	dnaextension:pos_cont_type	skos:exactMatch	MIXS:0001322	pos_cont_type	MIxS core	HumanCurated	orcid:0009-0004-7916-9833	dnaextension:pos_cont_type	dnaextensionversion:2024-07-11.xml#pos_cont_type	MIXSversion:mixs.yaml	6.2.0	2025-05-02	1	LexicalMatching	
MIXS:0000012	broad-scale environmental context	dnaextension:env_broad_scale	skos:exactMatch	MIXS:0000012	env_broad_scale	MIxS core	HumanCurated	orcid:0009-0004-7916-9833	dnaextension:env_broad_scale	dnaextensionversion:2024-07-11.xml#env_broad_scale	MIXSversion:mixs.yaml	6.2.0	2025-04-29	1	LexicalMatching	
MIXS:0000013	local environmental context	dnaextension:env_local_scale	skos:exactMatch	MIXS:0000013	env_local_scale	MIxS core	HumanCurated	orcid:0009-0004-7916-9833	dnaextension:env_local_scale	dnaextensionversion:2024-07-11.xml#env_local_scale	MIXSversion:mixs.yaml	6.2.0	2025-04-29	1	LexicalMatching	
MIXS:0000014	environmental medium	dnaextension:env_medium	skos:exactMatch	MIXS:0000014	env_medium	MIxS core	HumanCurated	orcid:0009-0004-7916-9833	dnaextension:env_medium	dnaextensionversion:2024-07-11.xml#env_medium	MIXSversion:mixs.yaml	6.2.0	2025-04-29	1	LexicalMatching	
MIXS:0000020	subspecific genetic lineage	dnaextension:subspecf_gen_lin	skos:exactMatch	MIXS:0000020	subspecf_gen_lin	MIxS core	HumanCurated	orcid:0009-0004-7916-9833	dnaextension:subspecf_gen_lin	dnaextensionversion:2024-07-11.xml#subspecf_gen_lin	MIXSversion:mixs.yaml	6.2.0	2025-04-29	1	LexicalMatching	
MIXS:0000021	ploidy	dnaextension:ploidy	skos:exactMatch	MIXS:0000021	ploidy	MIxS core	HumanCurated	orcid:0009-0004-7916-9833	dnaextension:ploidy	dnaextensionversion:2024-07-11.xml#ploidy	MIXSversion:mixs.yaml	6.2.0	2025-04-29	1	LexicalMatching	
MIXS:0000022	number of replicons	dnaextension:num_replicons	skos:exactMatch	MIXS:0000022	num_replicons	MIxS core	HumanCurated	orcid:0009-0004-7916-9833	dnaextension:num_replicons	dnaextensionversion:2024-07-11.xml#num_replicons	MIXSversion:mixs.yaml	6.2.0	2025-04-29	1	LexicalMatching	
MIXS:0000023	extrachromosomal elements	dnaextension:extrachrom_elements	skos:exactMatch	MIXS:0000023	extrachrom_elements	MIxS core	HumanCurated	orcid:0009-0004-7916-9833	dnaextension:extrachrom_elements	dnaextensionversion:2024-07-11.xml#extrachrom_elements	MIXSversion:mixs.yaml	6.2.0	2025-04-29	1	LexicalMatching	
MIXS:0000024	estimated size	dnaextension:estimated_size	skos:exactMatch	MIXS:0000024	estimated_size	MIxS core	HumanCurated	orcid:0009-0004-7916-9833	dnaextension:estimated_size	dnaextensionversion:2024-07-11.xml#estimated_size	MIXSversion:mixs.yaml	6.2.0	2025-04-29	1	LexicalMatching	
MIXS:0000025	reference for biomaterial	dnaextension:ref_biomaterial	skos:exactMatch	MIXS:0000025	ref_biomaterial	MIxS core	HumanCurated	orcid:0009-0004-7916-9833	dnaextension:ref_biomaterial	dnaextensionversion:2024-07-11.xml#ref_biomaterial	MIXSversion:mixs.yaml	6.2.0	2025-04-29	1	LexicalMatching	
MIXS:0000026	source material identifiers	dnaextension:source_mat_id	skos:exactMatch	MIXS:0000026	source_mat_id	MIxS core	HumanCurated	orcid:0009-0004-7916-9833	dnaextension:source_mat_id	dnaextensionversion:2024-07-11.xml#source_mat_id	MIXSversion:mixs.yaml	6.2.0	2025-04-29	1	LexicalMatching	
MIXS:0000027	known pathogenicity	dnaextension:pathogenicity	skos:exactMatch	MIXS:0000027	pathogenicity	MIxS core	HumanCurated	orcid:0009-0004-7916-9833	dnaextension:pathogenicity	dnaextensionversion:2024-07-11.xml#pathogenicity	MIXSversion:mixs.yaml	6.2.0	2025-04-29	1	LexicalMatching	
MIXS:0000028	observed biotic relationship	dnaextension:biotic_relationship	skos:exactMatch	MIXS:0000028	biotic_relationship	MIxS core	HumanCurated	orcid:0009-0004-7916-9833	dnaextension:biotic_relationship	dnaextensionversion:2024-07-11.xml#biotic_relationship	MIXSversion:mixs.yaml	6.2.0	2025-04-29	1	LexicalMatching	
MIXS:0000029	host scientific name	dnaextension:specific_host	skos:exactMatch	MIXS:0000029	specific_host	MIxS core	HumanCurated	orcid:0009-0004-7916-9833	dnaextension:specific_host	dnaextensionversion:2024-07-11.xml#specific_host	MIXSversion:mixs.yaml	6.2.0	2025-04-29	1	LexicalMatching	
MIXS:0000030	host specificity or range	dnaextension:host_spec_range	skos:exactMatch	MIXS:0000030	host_spec_range	MIxS core	HumanCurated	orcid:0009-0004-7916-9833	dnaextension:host_spec_range	dnaextensionversion:2024-07-11.xml#host_spec_range	MIXSversion:mixs.yaml	6.2.0	2025-04-29	1	LexicalMatching	
MIXS:0000031	host disease status	dnaextension:host_disease_stat	skos:exactMatch	MIXS:0000031	host_disease_stat	MIxS core	HumanCurated	orcid:0009-0004-7916-9833	dnaextension:host_disease_stat	dnaextensionversion:2024-07-11.xml#host_disease_stat	MIXSversion:mixs.yaml	6.2.0	2025-04-29	1	LexicalMatching	
MIXS:0000032	trophic level	dnaextension:trophic_level	skos:exactMatch	MIXS:0000032	trophic_level	MIxS core	HumanCurated	orcid:0009-0004-7916-9833	dnaextension:trophic_level	dnaextensionversion:2024-07-11.xml#trophic_level	MIXSversion:mixs.yaml	6.2.0	2025-04-29	1	LexicalMatching	
MIXS:0000033	propagation	dnaextension:propagation	skos:exactMatch	MIXS:0000033	propagation	MIxS core	HumanCurated	orcid:0009-0004-7916-9833	dnaextension:propagation	dnaextensionversion:2024-07-11.xml#propagation	MIXSversion:mixs.yaml	6.2.0	2025-04-29	1	LexicalMatching	
MIXS:0000034	encoded traits	dnaextension:encoded_traits	skos:exactMatch	MIXS:0000034	encoded_traits	MIxS core	HumanCurated	orcid:0009-0004-7916-9833	dnaextension:encoded_traits	dnaextensionversion:2024-07-11.xml#encoded_traits	MIXSversion:mixs.yaml	6.2.0	2025-04-29	1	LexicalMatching	
MIXS:0000015	relationship to oxygen	dnaextension:rel_to_oxygen	skos:exactMatch	MIXS:0000015	rel_to_oxygen	MIxS core	HumanCurated	orcid:0009-0004-7916-9833	dnaextension:rel_to_oxygen	dnaextensionversion:2024-07-11.xml#rel_to_oxygen	MIXSversion:mixs.yaml	6.2.0	2025-04-29	1	LexicalMatching	
MIXS:0000003	isolation and growth condition	dnaextension:isol_growth_condt	skos:exactMatch	MIXS:0000003	isol_growth_condt	MIxS core	HumanCurated	orcid:0009-0004-7916-9833	dnaextension:isol_growth_condt	dnaextensionversion:2024-07-11.xml#isol_growth_condt	MIXSversion:mixs.yaml	6.2.0	2025-04-29	1	LexicalMatching	
MIXS:0000002	sample collection device	dnaextension:samp_collec_device	skos:exactMatch	MIXS:0000002	samp_collec_device	MIxS core	HumanCurated	orcid:0009-0004-7916-9833	dnaextension:samp_collec_device	dnaextensionversion:2024-07-11.xml#samp_collec_device	MIXSversion:mixs.yaml	6.2.0	2025-04-29	1	LexicalMatching	
MIXS:0001225	sample collection method	dnaextension:samp_collec_method	skos:exactMatch	MIXS:0001225	samp_collec_method	MIxS core	HumanCurated	orcid:0009-0004-7916-9833	dnaextension:samp_collec_method	dnaextensionversion:2024-07-11.xml#samp_collec_method	MIXSversion:mixs.yaml	6.2.0	2025-04-29	1	LexicalMatching	
MIXS:0000016	sample material processing	dnaextension:samp_mat_process	skos:exactMatch	MIXS:0000016	samp_mat_process	MIxS core	HumanCurated	orcid:0009-0004-7916-9833	dnaextension:samp_mat_process	dnaextensionversion:2024-07-11.xml#samp_mat_process	MIXSversion:mixs.yaml	6.2.0	2025-04-29	1	LexicalMatching	
MIXS:0000017	size fraction selected	dnaextension:size_frac	skos:exactMatch	MIXS:0000017	size_frac	MIxS core	HumanCurated	orcid:0009-0004-7916-9833	dnaextension:size_frac	dnaextensionversion:2024-07-11.xml#size_frac	MIXSversion:mixs.yaml	6.2.0	2025-04-29	1	LexicalMatching	
MIXS:0000001	amount or size of sample collected	dnaextension:samp_size	skos:exactMatch	MIXS:0000001	samp_size	MIxS core	HumanCurated	orcid:0009-0004-7916-9833	dnaextension:samp_size	dnaextensionversion:2024-07-11.xml#samp_size	MIXSversion:mixs.yaml	6.2.0	2025-04-29	1	LexicalMatching	
MIXS:0000111	sample volume or weight for DNA extraction	dnaextension:samp_vol_we_dna_ext	skos:exactMatch	MIXS:0000111	samp_vol_we_dna_ext	MIxS core	HumanCurated	orcid:0009-0004-7916-9833	dnaextension:samp_vol_we_dna_ext	dnaextensionversion:2024-07-11.xml#samp_vol_we_dna_ext	MIXSversion:mixs.yaml	6.2.0	2025-04-29	1	LexicalMatching	
MIXS:0000035	source of UViGs	dnaextension:source_uvig	skos:exactMatch	MIXS:0000035	source_uvig	MIxS core	HumanCurated	orcid:0009-0004-7916-9833	dnaextension:source_uvig	dnaextensionversion:2024-07-11.xml#source_uvig	MIXSversion:mixs.yaml	6.2.0	2025-04-29	1	LexicalMatching	
MIXS:0000036	virus enrichment approach	dnaextension:virus_enrich_appr	skos:exactMatch	MIXS:0000036	virus_enrich_appr	MIxS core	HumanCurated	orcid:0009-0004-7916-9833	dnaextension:virus_enrich_appr	dnaextensionversion:2024-07-11.xml#virus_enrich_appr	MIXSversion:mixs.yaml	6.2.0	2025-04-29	1	LexicalMatching	
MIXS:0000037	nucleic acid extraction	dnaextension:nucl_acid_ext	skos:exactMatch	MIXS:0000037	nucl_acid_ext	MIxS core	HumanCurated	orcid:0009-0004-7916-9833	dnaextension:nucl_acid_ext	dnaextensionversion:2024-07-11.xml#nucl_acid_ext	MIXSversion:mixs.yaml	6.2.0	2025-04-29	1	LexicalMatching	
MIXS:0000038	nucleic acid amplification	dnaextension:nucl_acid_amp	skos:exactMatch	MIXS:0000038	nucl_acid_amp	MIxS core	HumanCurated	orcid:0009-0004-7916-9833	dnaextension:nucl_acid_amp	dnaextensionversion:2024-07-11.xml#nucl_acid_amp	MIXSversion:mixs.yaml	6.2.0	2025-04-29	1	LexicalMatching	
MIXS:0000039	library size	dnaextension:lib_size	skos:exactMatch	MIXS:0000039	lib_size	MIxS core	HumanCurated	orcid:0009-0004-7916-9833	dnaextension:lib_size	dnaextensionversion:2024-07-11.xml#lib_size	MIXSversion:mixs.yaml	6.2.0	2025-04-29	1	LexicalMatching	
MIXS:0000040	library reads sequenced	dnaextension:lib_reads_seqd	skos:exactMatch	MIXS:0000040	lib_reads_seqd	MIxS core	HumanCurated	orcid:0009-0004-7916-9833	dnaextension:lib_reads_seqd	dnaextensionversion:2024-07-11.xml#lib_reads_seqd	MIXSversion:mixs.yaml	6.2.0	2025-04-29	1	LexicalMatching	
MIXS:0000041	library layout	dnaextension:lib_layout	skos:exactMatch	MIXS:0000041	lib_layout	MIxS core	HumanCurated	orcid:0009-0004-7916-9833	dnaextension:lib_layout	dnaextensionversion:2024-07-11.xml#lib_layout	MIXSversion:mixs.yaml	6.2.0	2025-04-29	1	LexicalMatching	
MIXS:0000042	library vector	dnaextension:lib_vector	skos:exactMatch	MIXS:0000042	lib_vector	MIxS core	HumanCurated	orcid:0009-0004-7916-9833	dnaextension:lib_vector	dnaextensionversion:2024-07-11.xml#lib_vector	MIXSversion:mixs.yaml	6.2.0	2025-04-29	1	LexicalMatching	
MIXS:0000043	library screening strategy	dnaextension:lib_screen	skos:exactMatch	MIXS:0000043	lib_screen	MIxS core	HumanCurated	orcid:0009-0004-7916-9833	dnaextension:lib_screen	dnaextensionversion:2024-07-11.xml#lib_screen	MIXSversion:mixs.yaml	6.2.0	2025-04-29	1	LexicalMatching	
MIXS:0000044	target gene	dnaextension:target_gene	skos:exactMatch	MIXS:0000044	target_gene	MIxS core	HumanCurated	orcid:0009-0004-7916-9833	dnaextension:target_gene	dnaextensionversion:2024-07-11.xml#target_gene	MIXSversion:mixs.yaml	6.2.0	2025-04-29	1	LexicalMatching	
MIXS:0000045	target subfragment	dnaextension:target_subfragment	skos:exactMatch	MIXS:0000045	target_subfragment	MIxS core	HumanCurated	orcid:0009-0004-7916-9833	dnaextension:target_subfragment	dnaextensionversion:2024-07-11.xml#target_subfragment	MIXSversion:mixs.yaml	6.2.0	2025-04-29	1	LexicalMatching	
MIXS:0000046	pcr primers	dnaextension:pcr_primers	skos:exactMatch	MIXS:0000046	pcr_primers	MIxS core	HumanCurated	orcid:0009-0004-7916-9833	dnaextension:pcr_primers	dnaextensionversion:2024-07-11.xml#pcr_primers	MIXSversion:mixs.yaml	6.2.0	2025-04-29	1	LexicalMatching	
MIXS:0000047	multiplex identifiers	dnaextension:mid	skos:exactMatch	MIXS:0000047	mid	MIxS core	HumanCurated	orcid:0009-0004-7916-9833	dnaextension:mid	dnaextensionversion:2024-07-11.xml#mid	MIXSversion:mixs.yaml	6.2.0	2025-04-29	1	LexicalMatching	
MIXS:0000048	adapters	dnaextension:adapters	skos:exactMatch	MIXS:0000048	adapters	MIxS core	HumanCurated	orcid:0009-0004-7916-9833	dnaextension:adapters	dnaextensionversion:2024-07-11.xml#adapters	MIXSversion:mixs.yaml	6.2.0	2025-04-29	1	LexicalMatching	
MIXS:0000049	pcr conditions	dnaextension:pcr_cond	skos:exactMatch	MIXS:0000049	pcr_cond	MIxS core	HumanCurated	orcid:0009-0004-7916-9833	dnaextension:pcr_cond	dnaextensionversion:2024-07-11.xml#pcr_cond	MIXSversion:mixs.yaml	6.2.0	2025-04-29	1	LexicalMatching	
MIXS:0000050	sequencing method	dnaextension:seq_meth	skos:exactMatch	MIXS:0000050	seq_meth	MIxS core	HumanCurated	orcid:0009-0004-7916-9833	dnaextension:seq_meth	dnaextensionversion:2024-07-11.xml#seq_meth	MIXSversion:mixs.yaml	6.2.0	2025-04-29	1	LexicalMatching	
MIXS:0000051	sequence quality check	dnaextension:seq_quality_check	skos:exactMatch	MIXS:0000051	seq_quality_check	MIxS core	HumanCurated	orcid:0009-0004-7916-9833	dnaextension:seq_quality_check	dnaextensionversion:2024-07-11.xml#seq_quality_check	MIXSversion:mixs.yaml	6.2.0	2025-04-29	1	LexicalMatching	
MIXS:0000052	chimera check software	dnaextension:chimera_check	skos:exactMatch	MIXS:0000052	chimera_check	MIxS core	HumanCurated	orcid:0009-0004-7916-9833	dnaextension:chimera_check	dnaextensionversion:2024-07-11.xml#chimera_check	MIXSversion:mixs.yaml	6.2.0	2025-04-29	1	LexicalMatching	
MIXS:0000053	taxonomic identity marker	dnaextension:tax_ident	skos:exactMatch	MIXS:0000053	tax_ident	MIxS core	HumanCurated	orcid:0009-0004-7916-9833	dnaextension:tax_ident	dnaextensionversion:2024-07-11.xml#tax_ident	MIXSversion:mixs.yaml	6.2.0	2025-04-29	1	LexicalMatching	
MIXS:0000056	assembly quality	dnaextension:assembly_qual	skos:exactMatch	MIXS:0000056	assembly_qual	MIxS core	HumanCurated	orcid:0009-0004-7916-9833	dnaextension:assembly_qual	dnaextensionversion:2024-07-11.xml#assembly_qual	MIXSversion:mixs.yaml	6.2.0	2025-04-29	1	LexicalMatching	
MIXS:0000057	assembly name	dnaextension:assembly_name	skos:exactMatch	MIXS:0000057	assembly_name	MIxS core	HumanCurated	orcid:0009-0004-7916-9833	dnaextension:assembly_name	dnaextensionversion:2024-07-11.xml#assembly_name	MIXSversion:mixs.yaml	6.2.0	2025-04-29	1	LexicalMatching	
MIXS:0000058	assembly software	dnaextension:assembly_software	skos:exactMatch	MIXS:0000058	assembly_software	MIxS core	HumanCurated	orcid:0009-0004-7916-9833	dnaextension:assembly_software	dnaextensionversion:2024-07-11.xml#assembly_software	MIXSversion:mixs.yaml	6.2.0	2025-04-29	1	LexicalMatching	
MIXS:0000059	annotation	dnaextension:annot	skos:exactMatch	MIXS:0000059	annot	MIxS core	HumanCurated	orcid:0009-0004-7916-9833	dnaextension:annot	dnaextensionversion:2024-07-11.xml#annot	MIXSversion:mixs.yaml	6.2.0	2025-04-29	1	LexicalMatching	
MIXS:0000060	number of contigs	dnaextension:number_contig	skos:exactMatch	MIXS:0000060	number_contig	MIxS core	HumanCurated	orcid:0009-0004-7916-9833	dnaextension:number_contig	dnaextensionversion:2024-07-11.xml#number_contig	MIXSversion:mixs.yaml	6.2.0	2025-04-29	1	LexicalMatching	
MIXS:0000061	feature prediction	dnaextension:feat_pred	skos:exactMatch	MIXS:0000061	feat_pred	MIxS core	HumanCurated	orcid:0009-0004-7916-9833	dnaextension:feat_pred	dnaextensionversion:2024-07-11.xml#feat_pred	MIXSversion:mixs.yaml	6.2.0	2025-04-29	1	LexicalMatching	
MIXS:0000062	reference database	dnaextension:ref_db	skos:exactMatch	MIXS:0000062	ref_db	MIxS core	HumanCurated	orcid:0009-0004-7916-9833	dnaextension:ref_db	dnaextensionversion:2024-07-11.xml#ref_db	MIXSversion:mixs.yaml	6.2.0	2025-04-29	1	LexicalMatching	
MIXS:0000063	similarity search method	dnaextension:sim_search_meth	skos:exactMatch	MIXS:0000063	sim_search_meth	MIxS core	HumanCurated	orcid:0009-0004-7916-9833	dnaextension:sim_search_meth	dnaextensionversion:2024-07-11.xml#sim_search_meth	MIXSversion:mixs.yaml	6.2.0	2025-04-29	1	LexicalMatching	
MIXS:0000064	taxonomic classification	dnaextension:tax_class	skos:exactMatch	MIXS:0000064	tax_class	MIxS core	HumanCurated	orcid:0009-0004-7916-9833	dnaextension:tax_class	dnaextensionversion:2024-07-11.xml#tax_class	MIXSversion:mixs.yaml	6.2.0	2025-04-29	1	LexicalMatching	
MIXS:0000065	16S recovered	dnaextension:_16s_recover	skos:exactMatch	MIXS:0000065	_16s_recover	MIxS core	HumanCurated	orcid:0009-0004-7916-9833	dnaextension:_16s_recover	dnaextensionversion:2024-07-11.xml#_16s_recover	MIXSversion:mixs.yaml	6.2.0	2025-04-29	1	LexicalMatching	
MIXS:0000066	16S recovery software	dnaextension:_16s_recover_software	skos:exactMatch	MIXS:0000066	_16s_recover_software	MIxS core	HumanCurated	orcid:0009-0004-7916-9833	dnaextension:_16s_recover_software	dnaextensionversion:2024-07-11.xml#_16s_recover_software	MIXSversion:mixs.yaml	6.2.0	2025-04-29	1	LexicalMatching	
MIXS:0000067	number of standard tRNAs extracted	dnaextension:trnas	skos:exactMatch	MIXS:0000067	trnas	MIxS core	HumanCurated	orcid:0009-0004-7916-9833	dnaextension:trnas	dnaextensionversion:2024-07-11.xml#trnas	MIXSversion:mixs.yaml	6.2.0	2025-04-29	1	LexicalMatching	
MIXS:0000068	tRNA extraction software	dnaextension:trna_ext_software	skos:exactMatch	MIXS:0000068	trna_ext_software	MIxS core	HumanCurated	orcid:0009-0004-7916-9833	dnaextension:trna_ext_software	dnaextensionversion:2024-07-11.xml#trna_ext_software	MIXSversion:mixs.yaml	6.2.0	2025-04-29	1	LexicalMatching	
MIXS:0000069	completeness score	dnaextension:compl_score	skos:exactMatch	MIXS:0000069	compl_score	MIxS core	HumanCurated	orcid:0009-0004-7916-9833	dnaextension:compl_score	dnaextensionversion:2024-07-11.xml#compl_score	MIXSversion:mixs.yaml	6.2.0	2025-04-29	1	LexicalMatching	
MIXS:0000070	completeness software	dnaextension:compl_software	skos:exactMatch	MIXS:0000070	compl_software	MIxS core	HumanCurated	orcid:0009-0004-7916-9833	dnaextension:compl_software	dnaextensionversion:2024-07-11.xml#compl_software	MIXSversion:mixs.yaml	6.2.0	2025-04-29	1	LexicalMatching	
MIXS:0000071	completeness approach	dnaextension:compl_appr	skos:exactMatch	MIXS:0000071	compl_appr	MIxS core	HumanCurated	orcid:0009-0004-7916-9833	dnaextension:compl_appr	dnaextensionversion:2024-07-11.xml#compl_appr	MIXSversion:mixs.yaml	6.2.0	2025-04-29	1	LexicalMatching	
MIXS:0000072	contamination score	dnaextension:contam_score	skos:exactMatch	MIXS:0000072	contam_score	MIxS core	HumanCurated	orcid:0009-0004-7916-9833	dnaextension:contam_score	dnaextensionversion:2024-07-11.xml#contam_score	MIXSversion:mixs.yaml	6.2.0	2025-04-29	1	LexicalMatching	
MIXS:0000005	contamination screening input	dnaextension:contam_screen_input	skos:exactMatch	MIXS:0000005	contam_screen_input	MIxS core	HumanCurated	orcid:0009-0004-7916-9833	dnaextension:contam_screen_input	dnaextensionversion:2024-07-11.xml#contam_screen_input	MIXSversion:mixs.yaml	6.2.0	2025-04-29	1	LexicalMatching	
MIXS:0000073	contamination screening parameters	dnaextension:contam_screen_param	skos:exactMatch	MIXS:0000073	contam_screen_param	MIxS core	HumanCurated	orcid:0009-0004-7916-9833	dnaextension:contam_screen_param	dnaextensionversion:2024-07-11.xml#contam_screen_param	MIXSversion:mixs.yaml	6.2.0	2025-04-29	1	LexicalMatching	
MIXS:0000074	decontamination software	dnaextension:decontam_software	skos:exactMatch	MIXS:0000074	decontam_software	MIxS core	HumanCurated	orcid:0009-0004-7916-9833	dnaextension:decontam_software	dnaextensionversion:2024-07-11.xml#decontam_software	MIXSversion:mixs.yaml	6.2.0	2025-04-29	1	LexicalMatching	
MIXS:0000075	sorting technology	dnaextension:sort_tech	skos:exactMatch	MIXS:0000075	sort_tech	MIxS core	HumanCurated	orcid:0009-0004-7916-9833	dnaextension:sort_tech	dnaextensionversion:2024-07-11.xml#sort_tech	MIXSversion:mixs.yaml	6.2.0	2025-04-29	1	LexicalMatching	
MIXS:0000076	single cell or viral particle lysis approach	dnaextension:single_cell_lysis_appr	skos:exactMatch	MIXS:0000076	single_cell_lysis_appr	MIxS core	HumanCurated	orcid:0009-0004-7916-9833	dnaextension:single_cell_lysis_appr	dnaextensionversion:2024-07-11.xml#single_cell_lysis_appr	MIXSversion:mixs.yaml	6.2.0	2025-04-29	1	LexicalMatching	
MIXS:0000054	single cell or viral particle lysis kit protocol	dnaextension:single_cell_lysis_prot	skos:exactMatch	MIXS:0000054	single_cell_lysis_prot	MIxS core	HumanCurated	orcid:0009-0004-7916-9833	dnaextension:single_cell_lysis_prot	dnaextensionversion:2024-07-11.xml#single_cell_lysis_prot	MIXSversion:mixs.yaml	6.2.0	2025-04-29	1	LexicalMatching	
MIXS:0000055	WGA amplification approach	dnaextension:wga_amp_appr	skos:exactMatch	MIXS:0000055	wga_amp_appr	MIxS core	HumanCurated	orcid:0009-0004-7916-9833	dnaextension:wga_amp_appr	dnaextensionversion:2024-07-11.xml#wga_amp_appr	MIXSversion:mixs.yaml	6.2.0	2025-04-29	1	LexicalMatching	
MIXS:0000006	WGA amplification kit	dnaextension:wga_amp_kit	skos:exactMatch	MIXS:0000006	wga_amp_kit	MIxS core	HumanCurated	orcid:0009-0004-7916-9833	dnaextension:wga_amp_kit	dnaextensionversion:2024-07-11.xml#wga_amp_kit	MIXSversion:mixs.yaml	6.2.0	2025-04-29	1	LexicalMatching	
MIXS:0000077	binning parameters	dnaextension:bin_param	skos:exactMatch	MIXS:0000077	bin_param	MIxS core	HumanCurated	orcid:0009-0004-7916-9833	dnaextension:bin_param	dnaextensionversion:2024-07-11.xml#bin_param	MIXSversion:mixs.yaml	6.2.0	2025-04-29	1	LexicalMatching	
MIXS:0000078	binning software	dnaextension:bin_software	skos:exactMatch	MIXS:0000078	bin_software	MIxS core	HumanCurated	orcid:0009-0004-7916-9833	dnaextension:bin_software	dnaextensionversion:2024-07-11.xml#bin_software	MIXSversion:mixs.yaml	6.2.0	2025-04-29	1	LexicalMatching	
MIXS:0000079	reassembly post binning	dnaextension:reassembly_bin	skos:exactMatch	MIXS:0000079	reassembly_bin	MIxS core	HumanCurated	orcid:0009-0004-7916-9833	dnaextension:reassembly_bin	dnaextensionversion:2024-07-11.xml#reassembly_bin	MIXSversion:mixs.yaml	6.2.0	2025-04-29	1	LexicalMatching	
MIXS:0000080	MAG coverage software	dnaextension:mag_cov_software	skos:exactMatch	MIXS:0000080	mag_cov_software	MIxS core	HumanCurated	orcid:0009-0004-7916-9833	dnaextension:mag_cov_software	dnaextensionversion:2024-07-11.xml#mag_cov_software	MIXSversion:mixs.yaml	6.2.0	2025-04-29	1	LexicalMatching	
MIXS:0000081	viral identification software	dnaextension:vir_ident_software	skos:exactMatch	MIXS:0000081	vir_ident_software	MIxS core	HumanCurated	orcid:0009-0004-7916-9833	dnaextension:vir_ident_software	dnaextensionversion:2024-07-11.xml#vir_ident_software	MIXSversion:mixs.yaml	6.2.0	2025-04-29	1	LexicalMatching	
MIXS:0000082	predicted genome type	dnaextension:pred_genome_type	skos:exactMatch	MIXS:0000082	pred_genome_type	MIxS core	HumanCurated	orcid:0009-0004-7916-9833	dnaextension:pred_genome_type	dnaextensionversion:2024-07-11.xml#pred_genome_type	MIXSversion:mixs.yaml	6.2.0	2025-04-29	1	LexicalMatching	
MIXS:0000083	predicted genome structure	dnaextension:pred_genome_struc	skos:exactMatch	MIXS:0000083	pred_genome_struc	MIxS core	HumanCurated	orcid:0009-0004-7916-9833	dnaextension:pred_genome_struc	dnaextensionversion:2024-07-11.xml#pred_genome_struc	MIXSversion:mixs.yaml	6.2.0	2025-04-29	1	LexicalMatching	
MIXS:0000084	detection type	dnaextension:detec_type	skos:exactMatch	MIXS:0000084	detec_type	MIxS core	HumanCurated	orcid:0009-0004-7916-9833	dnaextension:detec_type	dnaextensionversion:2024-07-11.xml#detec_type	MIXSversion:mixs.yaml	6.2.0	2025-04-29	1	LexicalMatching	
MIXS:0000085	OTU classification approach	dnaextension:otu_class_appr	skos:exactMatch	MIXS:0000085	otu_class_appr	MIxS core	HumanCurated	orcid:0009-0004-7916-9833	dnaextension:otu_class_appr	dnaextensionversion:2024-07-11.xml#otu_class_appr	MIXSversion:mixs.yaml	6.2.0	2025-04-29	1	LexicalMatching	
MIXS:0000086	OTU sequence comparison approach	dnaextension:otu_seq_comp_appr	skos:exactMatch	MIXS:0000086	otu_seq_comp_appr	MIxS core	HumanCurated	orcid:0009-0004-7916-9833	dnaextension:otu_seq_comp_appr	dnaextensionversion:2024-07-11.xml#otu_seq_comp_appr	MIXSversion:mixs.yaml	6.2.0	2025-04-29	1	LexicalMatching	
MIXS:0000087	OTU database	dnaextension:otu_db	skos:exactMatch	MIXS:0000087	otu_db	MIxS core	HumanCurated	orcid:0009-0004-7916-9833	dnaextension:otu_db	dnaextensionversion:2024-07-11.xml#otu_db	MIXSversion:mixs.yaml	6.2.0	2025-04-29	1	LexicalMatching	
MIXS:0000088	host prediction approach	dnaextension:host_pred_appr	skos:exactMatch	MIXS:0000088	host_pred_appr	MIxS core	HumanCurated	orcid:0009-0004-7916-9833	dnaextension:host_pred_appr	dnaextensionversion:2024-07-11.xml#host_pred_appr	MIXSversion:mixs.yaml	6.2.0	2025-04-29	1	LexicalMatching	
MIXS:0000089	host prediction estimated accuracy	dnaextension:host_pred_est_acc	skos:exactMatch	MIXS:0000089	host_pred_est_acc	MIxS core	HumanCurated	orcid:0009-0004-7916-9833	dnaextension:host_pred_est_acc	dnaextensionversion:2024-07-11.xml#host_pred_est_acc	MIXSversion:mixs.yaml	6.2.0	2025-04-29	1	LexicalMatching	
MIXS:0000091	relevant electronic resources	dnaextension:url	skos:exactMatch	MIXS:0000091	url	MIxS core	HumanCurated	orcid:0009-0004-7916-9833	dnaextension:url	dnaextensionversion:2024-07-11.xml#url	MIXSversion:mixs.yaml	6.2.0	2025-04-29	1	LexicalMatching	
MIXS:0000090	relevant standard operating procedures	dnaextension:sop	skos:exactMatch	MIXS:0000090	sop	MIxS core	HumanCurated	orcid:0009-0004-7916-9833	dnaextension:sop	dnaextensionversion:2024-07-11.xml#sop	MIXSversion:mixs.yaml	6.2.0	2025-04-29	1	LexicalMatching	
dnaextension:pcr_primer_forward	PCR Primer Forward	dnaextension:pcr_primer_forward	skos:broadMatch	MIXS:0000046	pcr_primers	MIxS core	HumanCurated	orcid:0009-0004-7916-9833	dnaextension:pcr_primer_forward	dwcversion:pcr_primer_forward-2024-04-17	MIXSversion:mixs.yaml	6.2.0	2025-03-19	1	LexicalMatching	DwC expects only the sequence for the forward primer (narrower), while MIxS expects both the forward and reverse primer (broader). DwC expects full row for each forward primer linked to the same DWC Occurrence; while MIxS seems to expact that all primers are within the same field.
dnaextension:pcr_primer_reverse	PCR Primer Reverse	dnaextension:pcr_primer_reverse	skos:broadMatch	MIXS:0000046	pcr_primers	MIxS core	HumanCurated	orcid:0009-0004-7916-9833	dnaextension:pcr_primer_reverse	dwcversion:pcr_primer_reverse-2024-04-17	MIXSversion:mixs.yaml	6.2.0	2025-03-20	1	LexicalMatching	DwC expects only the sequence for the reverse primer (narrower), while MIxS expects both the forward and reverse primer (broader). DwC expects full row for each reverse primer linked to the same DWC Occurrence; while MIxS seems to expact that all primers are within the same field.
dnaextension:pcr_primer_name_forward	PCR Primer Name Forward	dnaextension:pcr_primer_name_forward														No match in MIxS
dnaextension:pcr_primer_name_reverse	PCR Primer Name Reverse	dnaextension:pcr_primer_name_reverse														No match in MIxS
dnaextension:pcr_primer_reference	PCR Primer Reference	dnaextension:pcr_primer_reference														No match in MIxS
dnaextension:DNA_sequence	DNA Sequence	dnaextension:DNA_sequence														No match in MIxS
dnaextension:concentration	Concentration (DNA)	dnaextension:concentration	skos:exactMatch	ggbn:concentration	Concentration (DNA)	GGBN	HumanCurated	orcid:0009-0004-7916-9835	dnaextension:concentration	dnaextensionversion:2024-07-11.xml#concentration	GGBN_Data_Standard_v1#ggbn:concentration	1	2025-06-06	1	LexicalMatching	Synonyms or similar terms to not exist in MIxS core, as such the term was solely mapped to their origin.
dnaextension:concentrationUnit	Unit of Concentration (DNA) 	dnaextension:concentrationUnit	skos:exactMatch	ggbn:concentrationUnit	Unit of Concentration (DNA)	GGBN	HumanCurated	orcid:0009-0004-7916-9836	dnaextension:concentrationUnit	dnaextensionversion:2024-07-11.xml#concentrationUnit	GGBN_Data_Standard_v1#ggbn:concentrationUnit	1	2025-06-07	1	LexicalMatching	Synonyms or similar terms to not exist in MIxS core, as such the term was solely mapped to their origin.
dnaextension:methodDeterminationConcentrationAndRatios	Method used for Determination of Concentration and Ratios of Absorbance (DNA) 	dnaextension:methodDeterminationConcentrationAndRatios	skos:exactMatch	ggbn:methodDeterminationConcentrationAndRatios	Method used for Determination of Concentration and Ratios of Absorbance (DNA)	GGBN	HumanCurated	orcid:0009-0004-7916-9837	dnaextension:methodDeterminationConcentrationAndRatios	dnaextensionversion:2024-07-11.xml#methodDeterminationConcentrationAndRatios	GGBN_Data_Standard_v1#ggbn:methodDeterminationConcentrationAndRatios	1	2025-06-08	1	LexicalMatching	Synonyms or similar terms to not exist in MIxS core, as such the term was solely mapped to their origin.
dnaextension:ratioOfAbsorbance260_230	Ratio of Absorbance 260/230 (DNA)	dnaextension:ratioOfAbsorbance260_230	skos:exactMatch	ggbn:ratioOfAbsorbance260_230	Ratio of Absorbance 260/230 (DNA)	GGBN	HumanCurated	orcid:0009-0004-7916-9838	dnaextension:ratioOfAbsorbance260_230	dnaextensionversion:2024-07-11.xml#ratioOfAbsorbance260_230	GGBN_Data_Standard_v1#ggbn:ratioOfAbsorbance260_230	1	2025-06-09	1	LexicalMatching	Synonyms or similar terms to not exist in MIxS core, as such the term was solely mapped to their origin.
dnaextension:ratioOfAbsorbance260_280	Ratio of Absorbance 260/280 (DNA) 	dnaextension:ratioOfAbsorbance260_280	skos:exactMatch	ggbn:ratioOfAbsorbance260_280	Ratio of Absorbance 260/280 (DNA)	GGBN	HumanCurated	orcid:0009-0004-7916-9839	dnaextension:ratioOfAbsorbance260_280	dnaextensionversion:2024-07-11.xml#ratioOfAbsorbance260_280	GGBN_Data_Standard_v1#ggbn:ratioOfAbsorbance260_280	1	2025-06-10	1	LexicalMatching	Synonyms or similar terms to not exist in MIxS core, as such the term was solely mapped to their origin.
dnaextension:annealingTemp		dnaextension:annealingTemp	skos:exactMatch		annealingTemp	MIQE	HumanCurated	orcid:0009-0004-7916-9840	dnaextension:annealingTemp	dnaextensionversion:2024-07-11.xml#annealingTemp						No match in MIxS. We have contacted GBIF to clarify the provenance of these terms, which are loosely derived from MIQE guidelines (https://rdml.org/miqe.html). However, alignment with MIxS is difficult to ascertain.
dnaextension:annealingTempUnit		dnaextension:annealingTempUnit	skos:exactMatch		annealingTempUnit	MIQE	HumanCurated	orcid:0009-0004-7916-9841	dnaextension:annealingTempUnit	dnaextensionversion:2024-07-11.xml#annealingTempUnit						No match in MIxS. We have contacted GBIF to clarify the provenance of these terms, which are loosely derived from MIQE guidelines (https://rdml.org/miqe.html). However, alignment with MIxS is difficult to ascertain.
dnaextension:probeReporter		dnaextension:probeReporter	skos:exactMatch		probeReporter	MIQE	HumanCurated	orcid:0009-0004-7916-9842	dnaextension:probeReporter	dnaextensionversion:2024-07-11.xml#probeReporter						No match in MIxS. We have contacted GBIF to clarify the provenance of these terms, which are loosely derived from MIQE guidelines (https://rdml.org/miqe.html). However, alignment with MIxS is difficult to ascertain.
dnaextension:probeQuencher		dnaextension:probeQuencher	skos:exactMatch		probeQuencher	MIQE	HumanCurated	orcid:0009-0004-7916-9843	dnaextension:probeQuencher	dnaextensionversion:2024-07-11.xml#probeQuencher						No match in MIxS. We have contacted GBIF to clarify the provenance of these terms, which are loosely derived from MIQE guidelines (https://rdml.org/miqe.html). However, alignment with MIxS is difficult to ascertain.
dnaextension:ampliconSize		dnaextension:ampliconSize	skos:exactMatch		ampliconSize	MIQE	HumanCurated	orcid:0009-0004-7916-9844	dnaextension:ampliconSize	dnaextensionversion:2024-07-11.xml#ampliconSize						No match in MIxS. We have contacted GBIF to clarify the provenance of these terms, which are loosely derived from MIQE guidelines (https://rdml.org/miqe.html). However, alignment with MIxS is difficult to ascertain.
dnaextension:thresholdQuantificationCycle		dnaextension:thresholdQuantificationCycle	skos:exactMatch		thresholdQuantificationCycle	MIQE	HumanCurated	orcid:0009-0004-7916-9845	dnaextension:thresholdQuantificationCycle	dnaextensionversion:2024-07-11.xml#thresholdQuantificationCycle						No match in MIxS. We have contacted GBIF to clarify the provenance of these terms, which are loosely derived from MIQE guidelines (https://rdml.org/miqe.html). However, alignment with MIxS is difficult to ascertain.
dnaextension:baselineValue		dnaextension:baselineValue	skos:exactMatch		baselineValue	MIQE	HumanCurated	orcid:0009-0004-7916-9846	dnaextension:baselineValue	dnaextensionversion:2024-07-11.xml#baselineValue						No match in MIxS. We have contacted GBIF to clarify the provenance of these terms, which are loosely derived from MIQE guidelines (https://rdml.org/miqe.html). However, alignment with MIxS is difficult to ascertain.
dnaextension:quantificationCycle		dnaextension:quantificationCycle	skos:exactMatch		quantificationCycle	MIQE	HumanCurated	orcid:0009-0004-7916-9847	dnaextension:quantificationCycle	dnaextensionversion:2024-07-11.xml#quantificationCycle						No match in MIxS. We have contacted GBIF to clarify the provenance of these terms, which are loosely derived from MIQE guidelines (https://rdml.org/miqe.html). However, alignment with MIxS is difficult to ascertain.
dnaextension:automaticThresholdQuantificationCycle		dnaextension:automaticThresholdQuantificationCycle	skos:exactMatch		automaticThresholdQuantificationCycle	MIQE	HumanCurated	orcid:0009-0004-7916-9848	dnaextension:automaticThresholdQuantificationCycle	dnaextensionversion:2024-07-11.xml#automaticThresholdQuantificationCycle						No match in MIxS. We have contacted GBIF to clarify the provenance of these terms, which are loosely derived from MIQE guidelines (https://rdml.org/miqe.html). However, alignment with MIxS is difficult to ascertain.
dnaextension:automaticBaselineValue		dnaextension:automaticBaselineValue	skos:exactMatch		automaticBaselineValue	MIQE	HumanCurated	orcid:0009-0004-7916-9849	dnaextension:automaticBaselineValue	dnaextensionversion:2024-07-11.xml#automaticBaselineValue						No match in MIxS. We have contacted GBIF to clarify the provenance of these terms, which are loosely derived from MIQE guidelines (https://rdml.org/miqe.html). However, alignment with MIxS is difficult to ascertain.
dnaextension:contaminationAssessment		dnaextension:contaminationAssessment	skos:exactMatch		contaminationAssessment	MIQE	HumanCurated	orcid:0009-0004-7916-9850	dnaextension:contaminationAssessment	dnaextensionversion:2024-07-11.xml#contaminationAssessment						No match in MIxS. We have contacted GBIF to clarify the provenance of these terms, which are loosely derived from MIQE guidelines (https://rdml.org/miqe.html). However, alignment with MIxS is difficult to ascertain.
dnaextension:partitionVolume		dnaextension:partitionVolume	skos:exactMatch		partitionVolume	MIQE	HumanCurated	orcid:0009-0004-7916-9851	dwc:partitionVolume	dnaextensionversion:2024-07-11.xml#partitionVolume						No match in MIxS. We have contacted GBIF to clarify the provenance of these terms, which are loosely derived from MIQE guidelines (https://rdml.org/miqe.html). However, alignment with MIxS is difficult to ascertain.
dnaextension:partitionVolumeUnit		dnaextension:partitionVolumeUnit	skos:exactMatch		partitionVolumeUnit	MIQE	HumanCurated	orcid:0009-0004-7916-9852	dnaextension:partitionVolumeUnit	dnaextensionversion:2024-07-11.xml#partitionVolumeUnit						No match in MIxS. We have contacted GBIF to clarify the provenance of these terms, which are loosely derived from MIQE guidelines (https://rdml.org/miqe.html). However, alignment with MIxS is difficult to ascertain.
dnaextension:estimatedNumberOfCopies		dnaextension:estimatedNumberOfCopies	skos:exactMatch		estimatedNumberOfCopies	MIQE	HumanCurated	orcid:0009-0004-7916-9853	dnaextension:estimatedNumberOfCopies	dnaextensionversion:2024-07-11.xml#estimatedNumberOfCopies						No match in MIxS. We have contacted GBIF to clarify the provenance of these terms, which are loosely derived from MIQE guidelines (https://rdml.org/miqe.html). However, alignment with MIxS is difficult to ascertain.
dnaextension:amplificationReactionVolume		dnaextension:amplificationReactionVolume	skos:exactMatch		amplificationReactionVolume	MIQE	HumanCurated	orcid:0009-0004-7916-9854	dnaextension:amplificationReactionVolume	dnaextensionversion:2024-07-11.xml#amplificationReactionVolume						No match in MIxS. We have contacted GBIF to clarify the provenance of these terms, which are loosely derived from MIQE guidelines (https://rdml.org/miqe.html). However, alignment with MIxS is difficult to ascertain.
dnaextension:amplificationReactionVolumeUnit		dnaextension:amplificationReactionVolumeUnit	skos:exactMatch		amplificationReactionVolumeUnit	MIQE	HumanCurated	orcid:0009-0004-7916-9855	dnaextension:amplificationReactionVolumeUnit	dnaextensionversion:2024-07-11.xml#amplificationReactionVolumeUnit						No match in MIxS. We have contacted GBIF to clarify the provenance of these terms, which are loosely derived from MIQE guidelines (https://rdml.org/miqe.html). However, alignment with MIxS is difficult to ascertain.
dnaextension:pcr_analysis_software		dnaextension:pcr_analysis_software	skos:exactMatch		pcr_analysis_software	MIQE	HumanCurated	orcid:0009-0004-7916-9856	dnaextension:pcr_analysis_software	dnaextensionversion:2024-07-11.xml#pcr_analysis_software						No match in MIxS. We have contacted GBIF to clarify the provenance of these terms, which are loosely derived from MIQE guidelines (https://rdml.org/miqe.html). However, alignment with MIxS is difficult to ascertain.
dnaextension:experimentalVariance		dnaextension:experimentalVariance	skos:exactMatch		experimentalVariance	MIQE	HumanCurated	orcid:0009-0004-7916-9857	dnaextension:experimentalVariance	dnaextensionversion:2024-07-11.xml#experimentalVariance						No match in MIxS. We have contacted GBIF to clarify the provenance of these terms, which are loosely derived from MIQE guidelines (https://rdml.org/miqe.html). However, alignment with MIxS is difficult to ascertain.
dnaextension:pcr_primer_lod		dnaextension:pcr_primer_lod	skos:exactMatch		pcr_primer_lod	MIQE	HumanCurated	orcid:0009-0004-7916-9858	dnaextension:pcr_primer_lod	dnaextensionversion:2024-07-11.xml#pcr_primer_lod						No match in MIxS. We have contacted GBIF to clarify the provenance of these terms, which are loosely derived from MIQE guidelines (https://rdml.org/miqe.html). However, alignment with MIxS is difficult to ascertain.
dnaextension:pcr_primer_loq		dnaextension:pcr_primer_loq	skos:exactMatch		pcr_primer_loq	MIQE	HumanCurated	orcid:0009-0004-7916-9859	dnaextension:pcr_primer_loq	dnaextensionversion:2024-07-11.xml#pcr_primer_loq						No match in MIxS. We have contacted GBIF to clarify the provenance of these terms, which are loosely derived from MIQE guidelines (https://rdml.org/miqe.html). However, alignment with MIxS is difficult to ascertain.
